SignUp,2024-05-28T20:47:27.480637700
LogIn,2024-05-28T20:50:15.456397500
chooseRoute,2024-05-28T20:50:24.906653800
addRoute,2024-05-28T20:50:28.317771
DeleteRoute,2024-05-28T20:51:18.467538200
chooseRoute,2024-05-28T20:51:18.471540
Profile,2024-05-28T20:51:41.456203800
LogOut,2024-05-28T20:51:50.996294900
LogIn,2024-05-28T20:51:52.027296100
LogOut,2024-05-28T20:52:08.431978800
LogIn,2024-05-28T20:52:10.394126400
showAllUsers,2024-05-28T20:52:28.974472600
deleteUser,2024-05-28T20:52:33.814088500
LogOut,2024-05-28T20:52:40.153723300
forgotPassword,2024-05-28T20:52:45.580218600
LogIn,2024-05-28T20:53:00.907317
addRoute,2024-05-28T20:53:10.181912500
editImage,2024-05-28T20:53:18.355973900
chooseRoute,2024-05-28T20:53:43.934669100
showImage,2024-05-28T20:53:47.519593500
chooseRoute,2024-05-28T20:59:38.329811600
showImage,2024-05-28T20:59:40.417824
chooseRoute,2024-05-28T21:00:56.803564200
showImage,2024-05-28T21:00:58.822616600
LogIn,2024-05-28T21:06:11.406596300
addRoute,2024-05-28T21:06:20.432714600
addImage,2024-05-28T21:06:21.850605100
chooseRoute,2024-05-28T21:06:32.355861100
showImage,2024-05-28T21:06:33.157106700
